Workbook
Name EM: Sheet2!$AA$2:$AA$33
Name Oranamate: Sheet2!$BD$3:$BD$34
Name TX_MDF: Sheet2!$Y$15:$Y$21
Name PLAIN_HDHMR: Sheet2!$B$211:$B$232
Name LAMINATED_HMR_PARTICLE: Sheet2!$B$194:$B$209
Name LAMINATED_HDHMR: Sheet2!$B$234:$B$280
Name AHPL: Sheet2!$AY$3:$AY$32
Name PLAIN_HMR_PARTICLE: Sheet2!$B$189:$B$192
Name PRODUCTS: Sheet2!$A$2:$A$20
Name ACRYLIC: Sheet2!$B$473
Name TYPE: Sheet2!$X$2:$X$11
Name PLAIN_BOILO: Sheet2!$B$429:$B$437
Name LAMINATED_BOILO: Sheet2!$B$439:$B$467
Name LM: Sheet2!$E$3:$E$175
Name Ornamate: Sheet2!$B$477
Name PLAIN_PARTICLE: Sheet2!$B$109:$B$127
Name LAMINATED_MDF: Sheet2!$B$41:$B$107
Name EDGE: Sheet2!$BI$3:$BI$34
Name PLAIN_HDHMR_DOOR: Sheet2!$B$282:$B$329
Name OM: Sheet2!$BD$3:$BD$34
Name TXD: Sheet2!$Z$7
Name LP: Sheet2!$I$3:$I$128
Name LMRD: Sheet2!$T$3:$T$128
Name FM_TX: Sheet2!$Z$8:$Z$11
Name PLAIN_MDF: Sheet2!$B$3:$B$39
Name EMBOSSED: Sheet2!$B$469
Name AH: Sheet2!$M$3:$M$13
Name EDGE_BAND: Sheet2!$BI$3:$BI$34
Name UV: Sheet2!$B$471
Name LAMINATED_HDHMR_DOOR: Sheet2!$B$331:$B$378
Name Z_CE96E5DA_0AC7_4DD6_B0FC_330A0E3CBA1D_.wvu.Cols: Sheet1!$K:$K
Name FM: Sheet2!$AP$3:$AP$6
Name LH: Sheet2!$T$3:$T$121
Name ACRYLIC_PLUS: Sheet2!$B$475
Name LAMINATED_PARTICLE: Sheet2!$B$129:$B$187
Name TX: Sheet2!$Z$2:$Z$3
Name HDHMR_METALLIC_DOOR: Sheet2!$B$380:$B$427
Name UM: Sheet2!$Q$3:$Q$185
Name LMR: Sheet2!$T$3:$T$175

Sheet Sheet1
A1: Customer Name (Billing Address, If Change) | E1: W.E.F | H1: Delivery Address (Mandatory)
E2: 45962
A4: Shri gulabrai sons | E4: PO Number (MANDATORY)
E7: Order Date
E8: 46162
A9: MO No :- | H9: ORDER WEIGHT(MT) | J9: =L33/1000 -> 0.04737 | L9: WRONG WEIGHT
A10: Contact Person :- | L10: OK WEIGHT
A11: S.NO | B11: PRODUCTS | C11: TYPE | D11: Thick.-SIZE | E11: Shade Code | F11: Shade Name+ | H11: Texture /FMS | I11: GRADE (A/B/C/CM) | J11: No. Of Boards | K11: WT | L11: Weight | M11: Remarks
A12: 1 | B12: LAMINATED_HDHMR | C12: =VLOOKUP(B12,Sheet2!W:X,2,FALSE) -> LMR | D12: 18.00-E-8x4--BSL | E12: 1108 | F12: =IFERROR(VLOOKUP(E12,Sheet2!AD:AE,2,0),"") -> Marigold Yellow | G12: =VLOOKUP(B12,Sheet2!B:D,3,FALSE) -> TX | H12: SD | I12: A | J12: 1 | K12: =IF(ISNA(VLOOKUP(D12,Sheet2!B:C,2,FALSE)),"0",(VLOOKUP(D12,Sheet2!B:C,2,FALSE))) -> 47.37 | L12: =J12*K12 -> 47.37 | P12: =VLOOKUP(C12,Sheet2!BM:BN,2,0) -> #N/A | Q12: =D12 -> 18.00-E-8x4--BSL
A13: 2 | C13: =VLOOKUP(B13,Sheet2!W:X,2,FALSE) -> #N/A | F13: =IFERROR(VLOOKUP(E13,Sheet2!AD:AE,2,0),"") | G13: =VLOOKUP(B13,Sheet2!B:D,3,FALSE) -> #N/A | I13: A | K13: =IF(ISNA(VLOOKUP(D13,Sheet2!B:C,2,FALSE)),"0",(VLOOKUP(D13,Sheet2!B:C,2,FALSE))) -> 0 | L13: =J13*K13 -> 0 | P13: =VLOOKUP(C13,Sheet2!BM:BN,2,0) -> #N/A | Q13: =D13
A14: 3 | C14: =VLOOKUP(B14,Sheet2!W:X,2,FALSE) -> #N/A | F14: =IFERROR(VLOOKUP(E14,Sheet2!AD:AE,2,0),"") | G14: =VLOOKUP(B14,Sheet2!B:D,3,FALSE) -> #N/A | I14: A | K14: =IF(ISNA(VLOOKUP(D14,Sheet2!B:C,2,FALSE)),"0",(VLOOKUP(D14,Sheet2!B:C,2,FALSE))) -> 0 | L14: =J14*K14 -> 0
A15: 4 | C15: =VLOOKUP(B15,Sheet2!W:X,2,FALSE) -> #N/A | F15: =IFERROR(VLOOKUP(E15,Sheet2!AD:AE,2,0),"") | G15: =VLOOKUP(B15,Sheet2!B:D,3,FALSE) -> #N/A | H15: SD | I15: A | K15: =IF(ISNA(VLOOKUP(D15,Sheet2!B:C,2,FALSE)),"0",(VLOOKUP(D15,Sheet2!B:C,2,FALSE))) -> 0 | L15: =J15*K15 -> 0
A16: 5 | C16: =VLOOKUP(B16,Sheet2!W:X,2,FALSE) -> #N/A | F16: =IFERROR(VLOOKUP(E16,Sheet2!AD:AE,2,0),"") | G16: =VLOOKUP(B16,Sheet2!B:D,3,FALSE) -> #N/A | H16: SD | I16: A | K16: =IF(ISNA(VLOOKUP(D16,Sheet2!B:C,2,FALSE)),"0",(VLOOKUP(D16,Sheet2!B:C,2,FALSE))) -> 0 | L16: =J16*K16 -> 0
A17: 6 | C17: =VLOOKUP(B17,Sheet2!W:X,2,FALSE) -> #N/A | F17: =IFERROR(VLOOKUP(E17,Sheet2!AD:AE,2,0),"") | G17: =VLOOKUP(B17,Sheet2!B:D,3,FALSE) -> #N/A | I17: A | K17: =IF(ISNA(VLOOKUP(D17,Sheet2!B:C,2,FALSE)),"0",(VLOOKUP(D17,Sheet2!B:C,2,FALSE))) -> 0 | L17: =J17*K17 -> 0
A18: 7 | C18: =VLOOKUP(B18,Sheet2!W:X,2,FALSE) -> #N/A | F18: =IFERROR(VLOOKUP(E18,Sheet2!AD:AE,2,0),"") | G18: =VLOOKUP(B18,Sheet2!B:D,3,FALSE) -> #N/A | I18: A | K18: =IF(ISNA(VLOOKUP(D18,Sheet2!B:C,2,FALSE)),"0",(VLOOKUP(D18,Sheet2!B:C,2,FALSE))) -> 0 | L18: =J18*K18 -> 0
A19: 8 | C19: =VLOOKUP(B19,Sheet2!W:X,2,FALSE) -> #N/A | F19: =IFERROR(VLOOKUP(E19,Sheet2!AD:AE,2,0),"") | G19: =VLOOKUP(B19,Sheet2!B:D,3,FALSE) -> #N/A | H19: SD | I19: A | K19: =IF(ISNA(VLOOKUP(D19,Sheet2!B:C,2,FALSE)),"0",(VLOOKUP(D19,Sheet2!B:C,2,FALSE))) -> 0 | L19: =J19*K19 -> 0
A20: 9 | C20: =VLOOKUP(B20,Sheet2!W:X,2,FALSE) -> #N/A | F20: =IFERROR(VLOOKUP(E20,Sheet2!AD:AE,2,0),"") | G20: =VLOOKUP(B20,Sheet2!B:D,3,FALSE) -> #N/A | H20: SD | I20: A | K20: =IF(ISNA(VLOOKUP(D20,Sheet2!B:C,2,FALSE)),"0",(VLOOKUP(D20,Sheet2!B:C,2,FALSE))) -> 0 | L20: =J20*K20 -> 0
A21: 10 | C21: =VLOOKUP(B21,Sheet2!W:X,2,FALSE) -> #N/A | F21: =IFERROR(VLOOKUP(E21,Sheet2!AD:AE,2,0),"") | G21: =VLOOKUP(B21,Sheet2!B:D,3,FALSE) -> #N/A | H21: SD | I21: A | K21: =IF(ISNA(VLOOKUP(D21,Sheet2!B:C,2,FALSE)),"0",(VLOOKUP(D21,Sheet2!B:C,2,FALSE))) -> 0 | L21: =J21*K21 -> 0
A22: 11 | C22: =VLOOKUP(B22,Sheet2!W:X,2,FALSE) -> #N/A | F22: =IFERROR(VLOOKUP(E22,Sheet2!AD:AE,2,0),"") | G22: =VLOOKUP(B22,Sheet2!B:D,3,FALSE) -> #N/A | I22: A | K22: =IF(ISNA(VLOOKUP(D22,Sheet2!B:C,2,FALSE)),"0",(VLOOKUP(D22,Sheet2!B:C,2,FALSE))) -> 0 | L22: =J22*K22 -> 0
A23: 12 | C23: =VLOOKUP(B23,Sheet2!W:X,2,FALSE) -> #N/A | F23: =IFERROR(VLOOKUP(E23,Sheet2!AD:AE,2,0),"") | G23: =VLOOKUP(B23,Sheet2!B:D,3,FALSE) -> #N/A | K23: =IF(ISNA(VLOOKUP(D23,Sheet2!B:C,2,FALSE)),"0",(VLOOKUP(D23,Sheet2!B:C,2,FALSE))) -> 0 | L23: =J23*K23 -> 0
A24: 13 | C24: =VLOOKUP(B24,Sheet2!W:X,2,FALSE) -> #N/A | F24: =IFERROR(VLOOKUP(E24,Sheet2!AD:AE,2,0),"") | G24: =VLOOKUP(B24,Sheet2!B:D,3,FALSE) -> #N/A | K24: =IF(ISNA(VLOOKUP(D24,Sheet2!B:C,2,FALSE)),"0",(VLOOKUP(D24,Sheet2!B:C,2,FALSE))) -> 0 | L24: =J24*K24 -> 0
A25: 14 | C25: =VLOOKUP(B25,Sheet2!W:X,2,FALSE) -> #N/A | F25: =IFERROR(VLOOKUP(E25,Sheet2!AD:AE,2,0),"") | G25: =VLOOKUP(B25,Sheet2!B:D,3,FALSE) -> #N/A | K25: =IF(ISNA(VLOOKUP(D25,Sheet2!B:C,2,FALSE)),"0",(VLOOKUP(D25,Sheet2!B:C,2,FALSE))) -> 0 | L25: =J25*K25 -> 0
A26: 15 | C26: =VLOOKUP(B26,Sheet2!W:X,2,FALSE) -> #N/A | F26: =IFERROR(VLOOKUP(E26,Sheet2!AD:AE,2,0),"") | G26: =VLOOKUP(B26,Sheet2!B:D,3,FALSE) -> #N/A | K26: =IF(ISNA(VLOOKUP(D26,Sheet2!B:C,2,FALSE)),"0",(VLOOKUP(D26,Sheet2!B:C,2,FALSE))) -> 0 | L26: =J26*K26 -> 0
A27: 16 | C27: =VLOOKUP(B27,Sheet2!W:X,2,FALSE) -> #N/A | F27: =IFERROR(VLOOKUP(E27,Sheet2!AD:AE,2,0),"") | G27: =VLOOKUP(B27,Sheet2!B:D,3,FALSE) -> #N/A | K27: =IF(ISNA(VLOOKUP(D27,Sheet2!B:C,2,FALSE)),"0",(VLOOKUP(D27,Sheet2!B:C,2,FALSE))) -> 0 | L27: =J27*K27 -> 0
A28: 17 | C28: =VLOOKUP(B28,Sheet2!W:X,2,FALSE) -> #N/A | F28: =IFERROR(VLOOKUP(E28,Sheet2!AD:AE,2,0),"") | G28: =VLOOKUP(B28,Sheet2!B:D,3,FALSE) -> #N/A | K28: =IF(ISNA(VLOOKUP(D28,Sheet2!B:C,2,FALSE)),"0",(VLOOKUP(D28,Sheet2!B:C,2,FALSE))) -> 0 | L28: =J28*K28 -> 0
A29: 18 | C29: =VLOOKUP(B29,Sheet2!W:X,2,FALSE) -> #N/A | F29: =IFERROR(VLOOKUP(E29,Sheet2!AD:AE,2,0),"") | G29: =VLOOKUP(B29,Sheet2!B:D,3,FALSE) -> #N/A | K29: =IF(ISNA(VLOOKUP(D29,Sheet2!B:C,2,FALSE)),"0",(VLOOKUP(D29,Sheet2!B:C,2,FALSE))) -> 0 | L29: =J29*K29 -> 0
A30: 19 | C30: =VLOOKUP(B30,Sheet2!W:X,2,FALSE) -> #N/A | F30: =IFERROR(VLOOKUP(E30,Sheet2!AD:AE,2,0),"") | G30: =VLOOKUP(B30,Sheet2!B:D,3,FALSE) -> #N/A | K30: =IF(ISNA(VLOOKUP(D30,Sheet2!B:C,2,FALSE)),"0",(VLOOKUP(D30,Sheet2!B:C,2,FALSE))) -> 0 | L30: =J30*K30 -> 0
A31: 20 | C31: =VLOOKUP(B31,Sheet2!W:X,2,FALSE) -> #N/A | F31: =IFERROR(VLOOKUP(E31,Sheet2!AD:AE,2,0),"") | G31: =VLOOKUP(B31,Sheet2!B:D,3,FALSE) -> #N/A | K31: =IF(ISNA(VLOOKUP(D31,Sheet2!B:C,2,FALSE)),"0",(VLOOKUP(D31,Sheet2!B:C,2,FALSE))) -> 0 | L31: =J31*K31 -> 0
F32: =IFERROR(VLOOKUP(E32,Sheet2!AD:AE,2,0),"")
A33: BRANCH (BOOKEDY BY NAME*) | D33: DFFD | H33: TOTAL | J33: =SUM(J12:J32) -> 1 | L33: =SUM(L12:L31) -> 47.37
A35: Special Remarks / Discounts
A39: Note : Pls recheck before sending order to HO about - Weight / Delivery Address / Extra Discount / Remarks. No Complaints will be entertain there after

Sheet Sheet2
A1: PRODUCTS | B1: PRODUCT CODE | C1: WEIGHT | E1: LM | I1: LP | M1: AH | Q1: UM | T1: LMR | U1: LH | W1: TYPE | X1: TYPE | Z1: TX | AA1: EM | AB1: CODE | AD1: VLOOK | AE1: 111 | AL1: LMRD | AP1: FM | AY1: AH+ | BD1: ornamate | BI1: EDGE_BAND
A2: PLAIN_MDF | B2: PLAIN_MDF | C2: PLAIN_MDF | E2: Design No. | F2: Design Name | I2: Design No. | J2: Design Name | M2: Design No. | N2: Design Name | O2: Width | Q2: Design No. | R2: Design Name | T2: Design No. | U2: Design Name | V2: Width | W2: PLAIN_MDF | X2: RM | Z2: MT | AA2: 403 | AB2: EGYPTA | AD2: Design No | AE2: Design Name | AG2: GRADE | AL2: Design No. | AM2: Design Name | AN2: Width | AP2: Design No. | AQ2: Design Name | AY2: Design No. | AZ2: Design Name | BA2: Width | BD2: Design No. | BE2: Design Name | BI2: Design No. | BJ2: Design Name | BM2: RM | BN2: MD-RM
A3: LAMINATED_MDF | B3: 01.90-I-8x4 | C3: 5.486 | E3: 1001 | F3: White Balancing | I3: 1001 | J3: White Balancing | M3: 8011 | N3: Silver Cross Line | Q3: 1101 | R3: Super White | T3: 1001 | U3: White Balancing | W3: LAMINATED_MDF | X3: LM | Z3: SD | AA3: 407 | AB3: NATURA | AD3: 1001 | AE3: White Balancing | AI3: A | AL3: 1001 | AM3: White Balancing | AN3: 4' | AP3: 3008 | AQ3: Straight Grained | AV3: LAMINATED_MDF | AW3: LM-MD | AY3: 8050 | AZ3: Super White GL | BD3: 1101 | BE3: Super White | BI3: 1102 | BJ3: Everest White | BM3: LM | BN3: LM-MD
A4: PLAIN_PARTICLE | B4: 02.10-I-8x4 | C4: 5.632 | E4: 1002 | F4: Frosty Balancing | I4: 1002 | J4: Frosty Balancing | M4: 8012 | N4: Brown Cross Line | Q4: 1102 | R4: Everest White | T4: 1002 | U4: Frosty Balancing | W4: PLAIN_PARTICLE | X4: RP | AA4: 410 | AB4: WEB | AD4: 1002 | AE4: Frosty Balancing | AI4: B | AL4: 1101 | AM4: Super White | AN4: 4' | AP4: 3345 | AQ4: Smoke Zebrano | AV4: LAMINATED_PARTICLE | AW4: LP-PB | AY4: 8051 | AZ4: Ivory White | BD4: 1102 | BE4: Everest White | BI4: 1103 | BJ4: Frosty White
A5: LAMINATED_PARTICLE | B5: 02.70-E-8x4 | C5: 6.591 | E5: 1101 | F5: Super White | I5: 1101 | J5: Super White | M5: 8013 | N5: 3D Mesh | Q5: 1103 | R5: Frosty White | T5: 1101 | U5: Super White | W5: LAMINATED_PARTICLE | X5: LP | Y5: TX | Z5: MT | AA5: 411 | AB5: CROWN TEAK | AD5: 1101 | AE5: Super White | AI5: CM | AL5: 1102 | AM5: Everest White | AN5: 4' | AP5: 3341 | AQ5: Chocolate Zebrano | AY5: 8052 | AZ5: Beige | BD5: 1103 | BE5: Frosty White | BI5: 1104 | BJ5: Silver Grey
A6: PLAIN_HMR_PARTICLE | B6: 02.70-E-8x7 | C6: 11.534 | E6: 1102 | F6: Everest White | I6: 1102 | J6: Everest White | M6: 8014 | N6: Checkered Red | Q6: 1104 | R6: Silver Grey | T6: 1102 | U6: Everest White | W6: LAMINATED_HMR_PARTICLE | X6: LP | Y6: TX | Z6: SD | AA6: 412 | AB6: CUBOID | AD6: 1102 | AE6: Everest White | AI6: C | AL6: 1103 | AM6: Frosty White | AN6: 4' | AP6: 3091 | AQ6: Teak Gold | AY6: 8053 | AZ6: Cappuccino | BD6: 1104 | BE6: Silver Grey | BI6: 1113 | BJ6: Gothic Grey
A7: LAMINATED_HMR_PARTICLE | B7: 03.30-I-8x4 | C7: 8.065 | E7: 1103 | F7: Frosty White | I7: 1103 | J7: Frosty White | M7: 8015 | N7: Checkered Beige | Q7: 1105 | R7: Slate Grey | T7: 1103 | U7: Frosty White | W7: PLAIN_HDHMR | X7: MR | Y7: TXD | Z7: MT | AA7: 413 | AB7: FLORINA | AD7: 1103 | AE7: Frosty White | AL7: 1104 | AM7: Silver Grey | AN7: 4' | AY7: 8054 | AZ7: Light Grey | BD7: 1105 | BE7: Slate Grey | BI7: 1105 | BJ7: Slate Grey
A8: PLAIN_HDHMR | B8: 03.30-E-8x4 | C8: 8.163 | E8: 1104 | F8: Silver Grey | I8: 1104 | J8: Silver Grey | M8: 8016 | N8: Acrylic Red | Q8: 1106 | R8: Black | T8: 1104 | U8: Silver Grey | W8: LAMINATED_HDHMR | X8: LMR | Y8: FM_TX | Z8: 4 | AA8: 414 | AB8: PLUME | AD8: 1104 | AE8: Silver Grey | AL8: 1105 | AM8: Slate Grey | AN8: 4' | AY8: 8055 | AZ8: Ash Grey | BD8: 1106 | BE8: Black | BI8: 1106 | BJ8: Black
A9: LAMINATED_HDHMR | B9: 04.00-I-8x4 | C9: 9.419 | E9: 1105 | F9: Slate Grey | I9: 1105 | J9: Slate Grey | M9: 8017 | N9: Feather | Q9: 1107 | R9: Cardinal Red | T9: 1105 | U9: Slate Grey | W9: UV | X9: UM | Y9: FM_TX | Z9: 5 | AA9: 415 | AB9: VEINS | AD9: 1105 | AE9: Slate Grey | AL9: 1106 | AM9: Black | AN9: 4' | AY9: 8056 | AZ9: Mocha Grey | BD9: 1113 | BE9: Gothic Grey | BI9: 1120 | BJ9: Irish Cream
A10: PLAIN_HDHMR_DOOR | B10: 04.60-I-8x4 | C10: 10.818 | E10: 1106 | F10: Black | I10: 1106 | J10: Black | M10: 8018 | N10: Graphite Grey | Q10: 1108 | R10: Marigold Yellow | T10: 1106 | U10: Black | W10: EMBOSSED | X10: EM | Y10: FM_TX | Z10: 6 | AA10: 418 | AB10: FLORA | AD10: 1106 | AE10: Black | AL10: 1107 | AM10: Cardinal Red | AN10: 4' | AY10: 8057 | AZ10: Dark Grey | BD10: 1120 | BE10: Irish Cream | BI10: 1131 | BJ10: Mud ash
A11: LAMINATED_HDHMR_DOOR | B11: 04.60-I-6X4 | C11: 8.113 | E11: 1107 | F11: Cardinal Red | I11: 1107 | J11: Cardinal Red | M11: 8019 | N11: Super Mozaic | Q11: 1109 | R11: Electric Blue | T11: 1107 | U11: Cardinal Red | W11: ACRYLIC | X11: AH | Y11: FM_TX | Z11: 7 | AA11: 425 | AB11: CHESS | AD11: 1107 | AE11: Cardinal Red | AL11: 1108 | AM11: Marigold Yellow | AN11: 4' | AY11: 8058 | AZ11: Black GL | BD11: 1131 | BE11: Mud Ash | BI11: 1134 | BJ11: Mocha Brown
A12: HDHMR_METALLIC_DOOR | B12: 05.50-I-10X4 | C12: 15.963 | E12: 1108 | F12: Marigold Yellow | I12: 1108 | J12: Marigold Yellow | M12: 8022 | N12: Brushed Grey | Q12: 1111 | R12: Ivory | T12: 1108 | U12: Marigold Yellow | W12: PLAIN_HDHMR_DOOR | X12: MRD | AA12: 426 | AB12: PETAL | AD12: 1108 | AE12: Marigold Yellow | AL12: 1109 | AM12: Electric Blue | AN12: 4' | AY12: 8059 | AZ12: Matte Blue | BD12: 1134 | BE12: Mocha Brown | BI12: 1136 | BJ12: Ocean Green
A13: PLAIN_BOILO | B13: 05.50-I-8x6 | C13: 19.16 | E13: 1109 | F13: Electric Blue | I13: 1109 | J13: Electric Blue | M13: 8023 | N13: Silver Grey | Q13: 1113 | R13: Gothic Grey | T13: 1109 | U13: Electric Blue | W13: LAMINATED_HDHMR_DOOR | X13: LMRD | AA13: 427 | AB13: AMOEBA | AD13: 1109 | AE13: Electric Blue | AL13: 1111 | AM13: Ivory | AN13: 4' | AY13: 8060 | AZ13: Scarlet Red | BD13: 1136 | BE13: Ocean Green | BI13: 1137 | BJ13: Persian Blue
A14: LAMINATED_BOILO | B14: 05.50-I-8x4 | C14: 12.77 | E14: 1111 | F14: Ivory | I14: 1111 | J14: Ivory | Q14: 1115 | R14: Spanish Green | T14: 1111 | U14: Ivory | W14: HDHMR_METALLIC_DOOR | X14: FM | AA14: 429 | AB14: BUTTERFLY | AD14: 1111 | AE14: Ivory | AL14: 1112 | AM14: Alu Wave | AN14: 4' | AY14: 8061 | AZ14: French Violet | BD14: 1137 | BE14: Persian Blue | BI14: 1141 | BJ14: Night Grey
A15: EMBOSSED | B15: 05.50-E-8X4. | C15: 12.77 | E15: 1113 | F15: Gothic Grey | I15: 1113 | J15: Gothic Grey | Q15: 1116 | R15: Orange | T15: 1113 | U15: Gothic Grey | W15: LAMINATED_BOILO | X15: LH | Y15: MT | AA15: 430 | AB15: FABRIC | AD15: 1113 | AE15: Gothic Grey | AL15: 1113 | AM15: Gothic Grey | AN15: 4' | AY15: 8062 | AZ15: Sage | BD15: 1141 | BE15: Night Grey | BI15: 1142 | BJ15: Pebble Beech
A16: UV | B16: 07.00-I-8x4 | C16: 15.837 | E16: 1115 | F16: Spanish Green | I16: 1116 | J16: Orange | Q16: 1118 | R16: Burgandy Red | T16: 1115 | U16: Spanish Green | W16: Ornamate | X16: OM | Y16: SD | AA16: 434 | AB16: LEAF | AD16: 1115 | AE16: Spanish Green | AL16: 1115 | AM16: Spanish Green | AN16: 4' | AY16: 8063 | AZ16: White Metallic | BD16: 1142 | BE16: Pebble Beech | BI16: 1143 | BJ16: Coral Pink
A17: ACRYLIC | B17: 07.30-E-8x4 | C17: 16.733 | E17: 1116 | F17: Orange | I17: 1119 | J17: Parrot Green | Q17: 1119 | R17: Parrot Green | T17: 1116 | U17: Orange | W17: PLAIN_BOILO | X17: RH | AA17: 435 | AB17: MATS | AD17: 1116 | AE17: Orange | AL17: 1116 | AM17: Orange | AN17: 4' | AY17: 8064 | AZ17: Silver Metallic | BD17: 1143 | BE17: Coral Pink | BI17: 1151 | BJ17: Mouse Grey
A18: ACRYLIC_PLUS | B18: 07.30-I-8X6 | C18: 24.61 | E18: 1118 | F18: Burgandy Red | I18: 1120 | J18: Irish Cream | Q18: 1120 | R18: Irish Cream | T18: 1118 | U18: Burgandy Red | W18: ACRYLIC_PLUS | X18: AHPL | AA18: 436 | AB18: HONEYCOMB | AD18: 1118 | AE18: Burgandy Red | AL18: 1119 | AM18: Parrot Green | AN18: 4' | AY18: 8065 | AZ18: Black Metallic | BD18: 1151 | BE18: Mouse Grey | BI18: 1152 | BJ18: Warm Blue
A19: Ornamate | B19: 07.30-I-8x4 | C19: 16.407 | E19: 1119 | F19: Parrot Green | I19: 1126 | J19: Hutch Pink | Q19: 1123 | R19: Dark Violet | T19: 1119 | U19: Parrot Green | W19: Ornamatte Edge Band Tape | X19: EDGE | AA19: 438 | AB19: SANDMARKS | AD19: 1119 | AE19: Parrot Green | AL19: 1125 | AM19: Celestial Blue | AN19: 4' | AY19: 8066 | AZ19: Blue Metallic | BD19: 1152 | BE19: Warm Blue | BI19: 1153 | BJ19: Midnight Blue
A20: Ornamatte Edge Band Tape | B20: 09.75-I-10X4 | C20: 27.391 | E20: 1120 | F20: Irish Cream | I20: 1129 | J20: Caribe | Q20: 1126 | R20: Hutch Pink | T20: 1120 | U20: Irish Cream | AA20: 439 | AB20: KNURL | AD20: 1120 | AE20: Irish Cream | AL20: 1126 | AM20: Hutch Pink | AN20: 4' | AY20: 8067 | AZ20: Super White MT | BD20: 1153 | BE20: Midnight Blue | BI20: 1154 | BJ20: Wasabi Green
B21: 09.75-I-8x4 | C21: 21.913 | E21: 1123 | F21: Dark Violet | I21: 1133 | J21: Pastel Orange | Q21: 1129 | R21: Caribe | T21: 1123 | U21: Dark Violet | AA21: 440 | AB21: SPIRALS | AD21: 1123 | AE21: Dark Violet | AL21: 1129 | AM21: Caribe | AN21: 4' | AY21: 8068 | AZ21: Off White | BD21: 1154 | BE21: Wasabi Green | BI21: 1155 | BJ21: Warm Brown
B22: 11.00-I-10X4 | C22: 30.903 | E22: 1126 | F22: Hutch Pink | I22: 1134 | J22: Mocha Brown | Q22: 1130 | R22: Peanut | T22: 1126 | U22: Hutch Pink | AA22: 441 | AB22: SWIRL | AD22: 1126 | AE22: Hutch Pink | AL22: 1130 | AM22: Peanut. | AN22: 4' | AY22: 8069 | AZ22: Stone Grey | BD22: 1155 | BE22: Warm Brown | BI22: 1156 | BJ22: Plum
B23: 11.00-E-8x4. | C23: 25.05 | E23: 1129 | F23: Caribe | I23: 1135 | J23: Olive | Q23: 1131 | R23: Mud Ash | T23: 1129 | U23: Caribe | AA23: 442 | AB23: TREAD MARK | AD23: 1129 | AE23: Caribe | AL23: 1131 | AM23: Mud Ash. | AN23: 4' | AY23: 8070 | AZ23: Magma Grey | BD23: 1156 | BE23: Plum | BI23: 3461 | BJ23: Novel Walnut
B24: 11.00-I-8x4 | C24: 25.213 | E24: 1130 | F24: Peanut | I24: 1138 | J24: Hong Kong Blue | Q24: 1133 | R24: Pastel Orange | T24: 1130 | U24: Peanut | AA24: 443 | AB24: FLORAL | AD24: 1130 | AE24: Peanut | AL24: 1133 | AM24: Pastel Orange | AN24: 4' | AY24: 8071 | AZ24: Black MT | BD24: 1157 | BE24: Brown Cappuccino | BI24: 3462 | BJ24: Natural Walnut
B25: 11.00-I-8X6. | C25: 37.82 | E25: 1131 | F25: Mud Ash | I25: 1140 | J25: Irish Blue | Q25: 1134 | R25: Mocha Brown | T25: 1131 | U25: Mud Ash | AA25: 446 | AB25: VINE | AD25: 1131 | AE25: Mud Ash | AL25: 1134 | AM25: Mocha Brown | AN25: 4' | AY25: 8072 | AZ25: Stone Blue | BD25: 3461 | BE25: Novel Walnut | BI25: 3469 | BJ25: Calm Nubuck
B26: 14.50-I-8x4 | C26: 32.589 | E26: 1134 | F26: Mocha Brown | I26: 1141 | J26: Night Grey | Q26: 1135 | R26: Olive | T26: 1134 | U26: Mocha Brown | AA26: 447 | AB26: BLADE | AD26: 1133 | AE26: Pastel Orange | AL26: 1135 | AM26: Olive | AN26: 4' | AY26: 8073 | AZ26: Soft Beige | BD26: 3462 | BE26: Natural Walnut | BI26: 3470 | BJ26: Chic Nubuck
B27: 16.00-I-8x4 | C27: 35.722 | E27: 1135 | F27: Olive | I27: 1142 | J27: Pebble Beach | Q27: 1136 | R27: Ocean Green | T27: 1135 | U27: Olive | AA27: 449 | AB27: JASMINE | AD27: 1134 | AE27: Mocha Brown | AL27: 1136 | AM27: Ocean Green | AN27: 4' | AY27: 8074 | AZ27: Dove Grey | BD27: 3467 | BE27: Milk Statuary Marble | BI27: 3472 | BJ27: Auburn Oak
B28: 16.50-I-8x4 | C28: 37.329 | E28: 1136 | F28: Ocean Green | I28: 1143 | J28: Coral Pink | Q28: 1137 | R28: Persian Blue | T28: 1136 | U28: Ocean Green | AA28: 450 | AB28: STENCIL | AD28: 1135 | AE28: Olive | AL28: 1137 | AM28: Persian Blue | AN28: 4' | AY28: 8075 | AZ28: Amazon Blue | BD28: 3469 | BE28: Calm Nubuck | BI28: 3473 | BJ28: Carrara Marble
B29: 16.50-I-8X6 | C29: 55.994 | E29: 1137 | F29: Persian Blue | I29: 1144 | J29: Chocolate | Q29: 1138 | R29: Hong Kong Blue | T29: 1137 | U29: Persian Blue | AA29: 451 | AB29: CURLED | AD29: 1136 | AE29: Ocean Green | AL29: 1138 | AM29: Hong Kong Blue | AN29: 4' | AY29: 8076 | AZ29: Rose Beige | BD29: 3470 | BE29: Chic Nubuck | BI29: 3474 | BJ29: Grey Stone
B30: 17.00-I-10X4 | C30: 48.075 | E30: 1138 | F30: Hong Kong Blue | I30: 3001 | J30: Natural Teak | Q30: 1139 | R30: Pink Irish Cream | T30: 1138 | U30: Hong Kong Blue | AA30: 452 | AB30: OLIVE | AD30: 1137 | AE30: Persian Blue | AL30: 3001 | AM30: Natural Teak | AN30: 4' | AY30: 8077 | AZ30: Graphite | BD30: 3471 | BE30: Virgin Oak | BI30: 3475 | BJ30: Glacier Stone
B31: 17.00-I-8x4 | C31: 38.46 | E31: 1139 | F31: Pink Irish Cream | I31: 3002 | J31: Flowery Wenge | Q31: 1140 | R31: Irish Blue | T31: 1139 | U31: Pink Irish Cream | AA31: 453 | AB31: GEOMETRIC | AD31: 1138 | AE31: Hong Kong Blue | AL31: 3002 | AM31: Flowery Wenge | AN31: 4' | AY31: 8078 | AZ31: Beige Metallic | BD31: 3472 | BE31: Auburn Oak | BI31: 1157 | BJ31: Brown Cappuccino
B32: 17.00-E-8x4 | C32: 38.46 | E32: 1141 | F32: Night Grey | I32: 3003 | J32: Highland Pine | Q32: 1141 | R32: Night Grey | T32: 1141 | U32: Night Grey | AA32: 454 | AB32: HEXA | AD32: 1139 | AE32: Pink Irish Cream | AL32: 3003 | AM32: Highland Pine | AN32: 4' | AY32: 8079 | AZ32: Steel Grey | BD32: 3473 | BE32: Carrara Marble | BI32: 3467 | BJ32: Milk Statuary Marble
B33: 17.00-I-8X6. | C33: 57.69 | E33: 1142 | F33: Pebble Beach | I33: 3007 | J33: Lorraine Walnut | Q33: 1142 | R33: Pebble Beach | T33: 1142 | U33: Pebble Beach | AA33: 455 | AB33: TURNIP | AD33: 1140 | AE33: Irish Blue | AL33: 3007 | AM33: Lorraine Walnut | AN33: 4' | BD33: 3474 | BE33: Grey Stone | BI33: 3471 | BJ33: Virgin Oak
B34: 18.00-E-8x4. | C34: 40.723 | E34: 1143 | F34: Coral Pink | I34: 3008 | J34: Straight Grained Wenge | Q34: 1143 | R34: Coral Pink | T34: 1143 | U34: Coral Pink | AD34: 1141 | AE34: Night Grey | AL34: 3008 | AM34: Straight Grained Wenge | AN34: 4' | BD34: 3475 | BE34: Glacier Stone | BI34: 1101 | BJ34: White
B35: 18.00-I-8x4 | C35: 40.723 | E35: 1144 | F35: Chocolate | I35: 3009 | J35: Classic Planked Walnut | Q35: 1144 | R35: Chocolate | T35: 1144 | U35: Chocolate | AD35: 1142 | AE35: Pebble Beach | AL35: 3009 | AM35: Classic Planked Walnut | AN35: 4'
B36: 18.00-I-8X6. | C36: 61.084 | E36: 1151 | F36: Mouse Grey | I36: 3013 | J36: New Country Light | Q36: 1151 | R36: Mouse Grey | T36: 1151 | U36: Mouse Grey | AD36: 1143 | AE36: Coral Pink | AL36: 3013 | AM36: New Country Light | AN36: 4'
B37: 25.00-E-8x4. | C37: 55.071 | E37: 1152 | F37: Warm Blue | I37: 3015 | J37: Sapelli | Q37: 1152 | R37: Warm Blue | T37: 1152 | U37: Warm Blue | AD37: 1144 | AE37: Chocolate | AL37: 3015 | AM37: Sapelli | AN37: 4'
B38: 25.00-I-8x4 | C38: 54.327 | E38: 1153 | F38: Midnight Blue | I38: 3016 | J38: Inntal Beech | Q38: 1153 | R38: Midnight Blue | T38: 1153 | U38: Midnight Blue | AD38: 1151 | AE38: Mouse Grey | AL38: 3017 | AM38: Noce Di Vinci | AN38: 4'
B39: 25.00-I-8X6. | C39: 81.49 | E39: 1154 | F39: Wasabi Green | I39: 3017 | J39: Noce Di Vinci | Q39: 1154 | R39: Wasabi Green | T39: 1154 | U39: Wasabi Green | AD39: 1152 | AE39: Warm Blue | AL39: 3018 | AM39: Mangfall Beech | AN39: 4'
B40: LAMINATED_MDF | C40: LAMINATED_MDF | D40: TX_MDF | E40: 1155 | F40: Warm Brown | I40: 3018 | J40: Mangfall Beech | Q40: 1155 | R40: Warm Brown | T40: 1155 | U40: Warm Brown | AD40: 1153 | AE40: Midnight Blue | AL40: 3019 | AM40: Ice Beech | AN40: 4'
B41: 05.50-I-8x4-BSB | C41: 13.524 | E41: 1156 | F41: Plum | I41: 3019 | J41: Ice Beech | Q41: 1156 | R41: Plum | T41: 1156 | U41: Plum | AD41: 1154 | AE41: Wasabi Green | AL41: 3021 | AM41: Khaya Mahogany | AN41: 4'
B42: 05.50-I-8x4-OSL | C42: 13.524 | E42: 1157 | F42: Brown Cappuccino | I42: 3020 | J42: Thansau Maple | Q42: 1157 | R42: Brown Cappuccino | T42: 1157 | U42: Brown Cappuccino | AD42: 1155 | AE42: Warm Brown | AL42: 3022 | AM42: Oxford Cherry | AN42: 4'
B43: 05.50-I-8x4-BSL | C43: 13.524 | E43: 3001 | F43: Natural Teak | I43: 3021 | J43: Khaya Mahogany | Q43: 3001 | R43: Natural Teak | T43: 3001 | U43: Natural Teak | AD43: 1156 | AE43: Plum | AL43: 3024 | AM43: Mahogany | AN43: 4'
B44: 07.30-I-8x4-BSB | C44: 17.537 | E44: 3002 | F44: Flowery Wenge | I44: 3022 | J44: Oxford Cherry | Q44: 3002 | R44: Flowery Wenge | T44: 3002 | U44: Flowery Wenge | AD44: 1157 | AE44: Brown Cappuccino | AL44: 3025 | AM44: Moldau Acacia Light | AN44: 4'
B45: 07.30-E-8x4-BSB | C45: 17.493 | E45: 3003 | F45: Highland Pine | I45: 3023 | J45: Alberta Maple | Q45: 3003 | R45: Highland Pine | T45: 3003 | U45: Highland Pine | AD45: 3001 | AE45: Natural Teak | AL45: 3026 | AM45: Moldau Acacia Dark | AN45: 4'
B46: 07.30-I-8x4-OSL | C46: 17.537 | E46: 3007 | F46: Lorraine Walnut | I46: 3024 | J46: Mahogany | Q46: 3007 | R46: Lorraine Walnut | T46: 3007 | U46: Lorraine Walnut | AD46: 3002 | AE46: Flowery Wenge | AL46: 3027 | AM46: Bavarian Beech | AN46: 4'
B47: 07.30-E-8x4-OSL | C47: 17.493 | E47: 3008 | F47: Straight Grained Wenge | I47: 3025 | J47: Moldau Acacia Light | Q47: 3008 | R47: Straight Grained Wenge | T47: 3008 | U47: Straight Grained Wenge | AD47: 3003 | AE47: Highland Pine | AL47: 3028 | AM47: New Coutry Dark | AN47: 4'
B48: 07.30-E-8x4-BSL | C48: 17.493 | E48: 3009 | F48: Classic Planked Walnut | I48: 3026 | J48: Moldau Acacia Dark | Q48: 3009 | R48: Classic Planked Walnut | T48: 3009 | U48: Classic Planked Walnut | AD48: 3007 | AE48: Lorraine Walnut | AL48: 3041 | AM48: Elegant Teak | AN48: 4'
B49: 07.30-I-8x4-BSL | C49: 17.537 | E49: 3013 | F49: New Country Light | I49: 3027 | J49: Bavarian Beech | Q49: 3013 | R49: New Country Light | T49: 3013 | U49: New Country Light | AD49: 3008 | AE49: Straight Grained Wenge | AL49: 3043 | AM49: Swiss Oak | AN49: 4'
B50: 07.30-I-8X6-BSB | C50: 26.305 | E50: 3015 | F50: Sapelli | I50: 3028 | J50: New Country Dark | Q50: 3015 | R50: Sapelli | T50: 3015 | U50: Sapelli | AD50: 3009 | AE50: Classic Planked Walnut | AL50: 3044 | AM50: Indian Oak | AN50: 4'
B51: 07.30-I-8X6-OSL | C51: 26.305 | E51: 3017 | F51: Noce Di Vinci | I51: 3041 | J51: Elegant Teak | Q51: 3016 | R51: Inntal Beech | T51: 3017 | U51: Noce Di Vinci | AD51: 3013 | AE51: New Country Light | AL51: 3045 | AM51: Sand Cross Line | AN51: 4'
B52: 07.30-I-8X6-BSL | C52: 26.305 | E52: 3018 | F52: Mangfall Beech | I52: 3045 | J52: Sand Cross Line | Q52: 3017 | R52: Noce Di Vinci | T52: 3018 | U52: Mangfall Beech | AD52: 3015 | AE52: Sapelli | AL52: 3046 | AM52: Choco Cross Line | AN52: 4'
... B95: 18.00-I-8x6-BSL. | C95: 62.779 | E95: 3395 | F95: Leather Brown | I95: 3450 | J95: Cream Walnut | Q95: 3389 | R95: Mysore Teak | T95: 3395 | U95: Leather Brown | AD95: 3386 | AE95: Grey Cross Line | AL95: 3415 | AM95: Laurel Oak Light | AN95: 4'
B96: 25.00-E-8x4-BSB. | C96: 56.336 | E96: 3396 | F96: Leather Grey | I96: 3451 | J96: Cambridge Walnut | Q96: 3390 | R96: Brown Teak | T96: 3396 | U96: Leather Grey | AD96: 3387 | AE96: Golden Cross Line | AL96: 3416 | AM96: Laurel Oak Dark
B97: 25.00-E-8x4-OSR. | C97: 56.336 | E97: 3397 | F97: Cream Stone | I97: 3452 | J97: Fibre Rust | Q97: 3394 | R97: Linen Gold Black | T97: 3397 | U97: Cream Stone | AD97: 3389 | AE97: Mysore Teak | AL97: 3417 | AM97: Cherry Pine
B98: 25.00-E-8x4-BSL. | C98: 56.336 | E98: 3398 | F98: Blue Stone | I98: 3453 | J98: Fibre Grey | Q98: 3395 | R98: Leather Brown | T98: 3398 | U98: Blue Stone | AD98: 3390 | AE98: Brown Teak | AL98: 3418 | AM98: Ebony Walnut
B99: 25.00-I-8x4-OSL | C99: 54.996 | E99: 3402 | F99: Thai Teak | I99: 3454 | J99: Fibre Gold | Q99: 3396 | R99: Leather Grey | T99: 3402 | U99: Thai Teak | AD99: 3394 | AE99: Linen Gold Black | AL99: 3419 | AM99: Brazilian Walnut
B100: 25.00-I-8x4-BSB | C100: 54.996 | E100: 3403 | F100: White Teak | I100: 3455 | J100: Fibre Teak | Q100: 3397 | R100: Cream Stone | T100: 3403 | U100: White Teak | AD100: 3395 | AE100: Leather Brown | AL100: 3420 | AM100: Dark Choco Oak
B101: 25.00-I-8x4-OSR | C101: 54.996 | E101: 3404 | F101: Fab Grey | I101: 3459 | J101: Light Caramel Walnut | Q101: 3398 | R101: Blue Stone | T101: 3404 | U101: Fab Grey | AD101: 3396 | AE101: Leather Grey | AL101: 3421 | AM101: Gold Wood Oak
B102: 25.00-I-8x4-BSL | C102: 54.996 | E102: 3405 | F102: Fab Chocos | I102: 3460 | J102: Umber Walnut | Q102: 3402 | R102: Thai Teak | T102: 3405 | U102: Fab Chocos | AD102: 3397 | AE102: Cream Stone | AL102: 3450 | AM102: Cream Walnut
B103: 25.00-I-8x6-OSL. | C103: 81.49 | E103: 3406 | F103: Fab Cream | I103: 3461 | J103: Novel Walnut | Q103: 3403 | R103: White Teak | T103: 3406 | U103: Fab Cream | AD103: 3398 | AE103: Blue Stone | AL103: 3451 | AM103: Cambridge Walnut
B104: 25.00-I-8x6-BSB. | C104: 81.49 | E104: 3410 | F104: Black Marble | I104: 3462 | J104: Natural Walnut | Q104: 3404 | R104: Fab Grey | T104: 3410 | U104: Black Marble | AD104: 3402 | AE104: Thai Teak | AL104: 3452 | AM104: Fibre Rust
B105: 25.00-I-8x6-OSR. | C105: 81.49 | E105: 3411 | F105: Golden Grey Marble | I105: 3466 | J105: Classic Siam Teak | Q105: 3405 | R105: Fab Chocos | T105: 3411 | U105: Golden Grey Marble | AD105: 3403 | AE105: White Teak | AL105: 3453 | AM105: Fibre Grey
B106: 25.00-I-8x6-BSL. | C106: 81.49 | E106: 3412 | F106: Burma Teak | I106: 3468 | J106: Dark Sonoma Oak | Q106: 3406 | R106: Fab Cream | T106: 3412 | U106: Burma Teak | AD106: 3404 | AE106: Fab Grey | AL106: 3454 | AM106: Fibre Gold
B107: 25.00-E-8x4-OSL. | C107: 56.336 | E107: 3413 | F107: Linen Metallic | I107: 3469 | J107: Calm Nubuck | Q107: 3410 | R107: Black Marble | T107: 3413 | U107: Linen Metallic | AD107: 3405 | AE107: Fab Chocos | AL107: 3455 | AM107: Fibre Teak
B108: PLAIN_PARTICLE | C108: PLAIN_PARTICLE | E108: 3415 | F108: Laurel Oak Light | I108: 3470 | J108: Chic Nubuck | Q108: 3411 | R108: Golden Grey Marble | T108: 3415 | U108: Laurel Oak Light | AD108: 3406 | AE108: Fab Cream | AL108: 3482 | AM108: Beige Walnut
B109: 09.00-I-9X6 | C109: 31.195 | E109: 3416 | F109: Laurel Oak Dark | G109: 4 | I109: 3471 | J109: Virgin Oak | Q109: 3412 | R109: Burma Teak | T109: 3416 | U109: Laurel Oak Dark | AD109: 3410 | AE109: Black Marble
B110: 09.00-I-8X6 | C110: 27.729 | E110: 3417 | F110: Cherry Pine | G110: 4 | I110: 3472 | J110: Auburn Oak | Q110: 3413 | R110: Linen Metallic | T110: 3417 | U110: Cherry Pine | AD110: 3411 | AE110: Golden Grey Marble
B111: 09.00-E-8X6 | C111: 27.327 | E111: 3418 | F111: Ebony Walnut | G111: 4 | I111: 3473 | J111: Carrara Marble | Q111: 3415 | R111: Laurel Oak Light | T111: 3418 | U111: Ebony Walnut | AD111: 3412 | AE111: Burma Teak
B112: 11.00-I-9X6 | C112: 36.746 | E112: 3419 | F112: Brazilian Walnut | G112: 4 | I112: 3474 | J112: Grey Stone | Q112: 3416 | R112: Laurel Oak Dark | T112: 3419 | U112: Brazilian Walnut | AD112: 3413 | AE112: Linen Metallic
B113: 11.00-I-8X6 | C113: 32.663 | E113: 3420 | F113: Dark Choco Oak | G113: 4 | I113: 3475 | J113: Glacier Stone | Q113: 3417 | R113: Cherry Pine | T113: 3420 | U113: Dark Choco Oak | AD113: 3415 | AE113: Laurel Oak Light
B114: 12.00-I-9X6 | C114: 40.086 | E114: 3421 | F114: Gold Wood Oak | G114: 4 | I114: 3476 | J114: Tweed Dark | Q114: 3418 | R114: Ebony Walnut | T114: 3421 | U114: Gold Wood Oak | AD114: 3416 | AE114: Laurel Oak Dark
B115: 12.00-I-8X6 | C115: 35.632 | E115: 3423 | F115: Elegant Walnut | I115: 3477 | J115: Tweed Light | Q115: 3419 | R115: Brazilian Walnut | T115: 3423 | U115: Elegant Walnut | AD115: 3417 | AE115: Cherry Pine
B116: 12.00-E--8X6 | C116: 35.632 | E116: 3425 | F116: Teak Walnut | I116: 3482 | J116: Beige Walnut | Q116: 3420 | R116: Dark Choco Oak | T116: 3425 | U116: Teak Walnut | AD116: 3418 | AE116: Ebony Walnut
B117: 15.00-I-8X6 | C117: 43.871 | E117: 3426 | F117: Wood Oak | I117: 3483 | J117: Black Gold Marble | Q117: 3421 | R117: Gold Wood Oak | T117: 3426 | U117: Wood Oak | AD117: 3419 | AE117: Brazilian Walnut
B118: 15.00-I-9X6 | C118: 49.354 | E118: 3428 | F118: Brown Veneered Teak | I118: 3484 | J118: Wood Bark | Q118: 3423 | R118: Elegant Walnut | T118: 3428 | U118: Brown Veneered Teak | AD118: 3420 | AE118: Dark Choco Oak
B119: 17.00-I-9X6 | C119: 55.081 | E119: 3429 | F119: Golden Veneered Teak | I119: 3485 | J119: Rustic Bark | Q119: 3424 | R119: Dark Walnut | T119: 3429 | U119: Golden Veneered Teak | AD119: 3421 | AE119: Gold Wood Oak
B120: 17.00-I-8X6 | C120: 48.961 | E120: 3430 | F120: Teak Cherry | I120: 3486 | J120: Vintage Wood | Q120: 3425 | R120: Teak Walnut | T120: 3430 | U120: Teak Cherry | AD120: 3423 | AE120: Elegant Walnut
B121: 18.00-I-9X6 | C121: 58.321 | E121: 3432 | F121: American Oak Light | I121: 3487 | J121: Rustic Blue | Q121: 3426 | R121: Wood Oak | T121: 3432 | U121: American Oak Light | AD121: 3424 | AE121: Dark Walnut
B122: 18.00-I-8X6 | C122: 51.841 | E122: 3433 | F122: European Beech | I122: 3488 | J122: Mocha Walnut | Q122: 3428 | R122: Brown Veneered Teak | T122: 3433 | U122: European Beech | AD122: 3425 | AE122: Teak Walnut
B123: 18.00-E-9X6 | C123: 58.321 | E123: 3435 | F123: Dark Urban Teak | I123: 3489 | J123: Texture Abalone | Q123: 3429 | R123: Golden Veneered Teak | T123: 3435 | U123: Dark Urban Teak | AD123: 3426 | AE123: Wood Oak
B124: 18.00-E-8X6 | C124: 51.841 | E124: 3436 | F124: Mocca Firewood | I124: 3490 | J124: Fab Novel Grey | Q124: 3430 | R124: Teak Cherry | T124: 3436 | U124: Mocca Firewood | AD124: 3428 | AE124: Brown Veneered Teak
B125: 25.00-I-9X6 | C125: 81.002 | E125: 3437 | F125: Skyline Walnut | I125: 3491 | J125: Fab Messi Grey | Q125: 3431 | R125: American Oak Dark | T125: 3437 | U125: Skyline Walnut | AD125: 3429 | AE125: Golden Veneered Teak
B126: 25.00-I-8X6 | C126: 72.001 | E126: 3438 | F126: Weathered Ash | I126: 3492 | J126: Fab Vanilla | Q126: 3432 | R126: American Oak Light | T126: 3438 | U126: Weathered Ash | AD126: 3430 | AE126: Teak Cherry
B127: 25.00-E-8X6 | C127: 72.001 | E127: 3439 | F127: Smoky Brown Pear | I127: 3493 | J127: Texture Mink Grey | Q127: 3433 | R127: European Beech | T127: 3439 | U127: Smoky Brown Pear | AD127: 3431 | AE127: American Oak Dark
B128: LAMINATED_PARTICLE | C128: LAMINATED_PARTICLE | D128: TX | E128: 3440 | F128: French Pear | I128: 3494 | J128: Ash Walnut | Q128: 3435 | R128: Dark Urban Teak | T128: 3440 | U128: French Pear | AD128: 3432 | AE128: American Oak Light
B129: 09.00-I-8X6-BSB | C129: 29.377 | E129: 3441 | F129: Florance Walnut | Q129: 3436 | R129: Mocca Firewood | T129: 3441 | U129: Florance Walnut | AD129: 3433 | AE129: European Beech
B130: 09.00-I-8X6-OSL | C130: 29.377 | E130: 3442 | F130: Linen Light | Q130: 3437 | R130: Skyline Walnut | T130: 3442 | U130: Linen Light | AD130: 3435 | AE130: Dark Urban Teak
B131: 09.00-I-8X6-BSL | C131: 29.377 | E131: 3443 | F131: Tweed Fab Beige | Q131: 3438 | R131: Weathered Ash | T131: 3443 | U131: Tweed Fab Beige | AD131: 3436 | AE131: Mocca Firewood
B132: 09.00-I-9X6-BSB | C132: 33.049 | E132: 3444 | F132: Tweed Fab Grey | Q132: 3439 | R132: Smoky Brown Pear | T132: 3444 | U132: Tweed Fab Grey | AD132: 3437 | AE132: Skyline Walnut
B133: 09.00-I-9X6-OSL | C133: 33.049 | E133: 3445 | F133: Jute Fab Light | Q133: 3440 | R133: French Pear | T133: 3445 | U133: Jute Fab Light | AD133: 3438 | AE133: Weathered Ash
B134: 09.00-I-9X6-BSL | C134: 33.049 | E134: 3446 | F134: Jute Fab Grey | Q134: 3441 | R134: Florance Walnut | T134: 3446 | U134: Jute Fab Grey | AD134: 3439 | AE134: Smoky Brown Pear
B135: 11.00-I-8X6-OSL | C135: 33.596 | E135: 3447 | F135: Jute Fab Dark | Q135: 3442 | R135: Linen Light | T135: 3447 | U135: Jute Fab Dark | AD135: 3440 | AE135: French Pear
B136: 11.00-I-8X6-BSB | C136: 33.596 | E136: 3450 | F136: Cream Walnut | Q136: 3443 | R136: Tweed Fab Beige | T136: 3450 | U136: Cream Walnut | AD136: 3441 | AE136: Florance Walnut
B137: 11.00-I-8X6-BSL | C137: 33.596 | E137: 3451 | F137: Cambridge Walnut | Q137: 3444 | R137: Tweed Fab Grey | T137: 3451 | U137: Cambridge Walnut | AD137: 3442 | AE137: Linen Light
B138: 11.00-I-9X6-BSB | C138: 37.796 | E138: 3452 | F138: Fibre Rust | Q138: 3445 | R138: Jute Fab Light | T138: 3452 | U138: Fibre Rust | AD138: 3443 | AE138: Tweed Fab Beige
B139: 11.00-I-9X6-BSL | C139: 37.796 | E139: 3453 | F139: Fibre Grey | Q139: 3446 | R139: Jute Fab Grey | T139: 3453 | U139: Fibre Grey | AD139: 3444 | AE139: Tweed Fab Grey
B140: 11.00-I-9X6-OSL | C140: 37.796 | E140: 3454 | F140: Fibre Gold | Q140: 3447 | R140: Jute Fab Dark | T140: 3454 | U140: Fibre Gold | AD140: 3445 | AE140: Jute Fab Light
... B175: 18.00-I-9X6-BSL | C175: 60.401 | E175: 3594 | F175: Hickory Walnut | Q175: 3489 | R175: Texture Abalone | T175: 3594 | U175: Hickory Walnut | AD175: 3487 | AE175: Rustic Blue
B176: 18.00-I-9X6-OSL | C176: 60.401 | Q176: 3490 | R176: Fab Novel Grey | AD176: 3488 | AE176: Mocha Walnut
...
